x_m,z_m,half_breadth_m
-1.075,-0.001000,0.000000
-1.075,-0.000981,0.000195
-1.075,-0.000924,0.000383
-1.075,-0.000831,0.000556
-1.075,-0.000707,0.000707
-1.075,-0.000556,0.000831
-1.075,-0.000383,0.000924
-1.075,-0.000195,0.000981
-1.075,0.000000,0.001000
-1.075,0.000195,0.000981
-1.075,0.000383,0.000924
-1.075,0.000556,0.000831
-1.075,0.000707,0.000707
-1.075,0.000831,0.000556
-1.075,0.000924,0.000383
-1.075,0.000981,0.000195
-1.075,0.001000,0.000000
-1.050,-0.027837,0.000000
-1.050,-0.027302,0.005431
-1.050,-0.025718,0.010653
-1.050,-0.023145,0.015465
-1.050,-0.019683,0.019683
-1.050,-0.015465,0.023145
-1.050,-0.010653,0.025718
-1.050,-0.005431,0.027302
-1.050,0.000000,0.027837
-1.050,0.005431,0.027302
-1.050,0.010653,0.025718
-1.050,0.015465,0.023145
-1.050,0.019683,0.019683
-1.050,0.023145,0.015465
-1.050,0.025718,0.010653
-1.050,0.027302,0.005431
-1.050,0.027837,0.000000
-1.000,-0.046394,0.000000
-1.000,-0.045503,0.009051
-1.000,-0.042863,0.017754
-1.000,-0.038575,0.025775
-1.000,-0.032806,0.032806
-1.000,-0.025775,0.038575
-1.000,-0.017754,0.042863
-1.000,-0.009051,0.045503
-1.000,0.000000,0.046394
-1.000,0.009051,0.045503
-1.000,0.017754,0.042863
-1.000,0.025775,0.038575
-1.000,0.032806,0.032806
-1.000,0.038575,0.025775
-1.000,0.042863,0.017754
-1.000,0.045503,0.009051
-1.000,0.046394,0.000000
-0.900,-0.064952,0.000000
-0.900,-0.063704,0.012671
-0.900,-0.060008,0.024856
-0.900,-0.054006,0.036085
-0.900,-0.045928,0.045928
-0.900,-0.036085,0.054006
-0.900,-0.024856,0.060008
-0.900,-0.012671,0.063704
-0.900,0.000000,0.064952
-0.900,0.012671,0.063704
-0.900,0.024856,0.060008
-0.900,0.036085,0.054006
-0.900,0.045928,0.045928
-0.900,0.054006,0.036085
-0.900,0.060008,0.024856
-0.900,0.063704,0.012671
-0.900,0.064952,0.000000
-0.800,-0.073258,0.000000
-0.800,-0.071850,0.014292
-0.800,-0.067681,0.028035
-0.800,-0.060912,0.040700
-0.800,-0.051801,0.051801
-0.800,-0.040700,0.060912
-0.800,-0.028035,0.067681
-0.800,-0.014292,0.071850
-0.800,0.000000,0.073258
-0.800,0.014292,0.071850
-0.800,0.028035,0.067681
-0.800,0.040700,0.060912
-0.800,0.051801,0.051801
-0.800,0.060912,0.040700
-0.800,0.067681,0.028035
-0.800,0.071850,0.014292
-0.800,0.073258,0.000000
-0.725,-0.075000,0.000000
-0.725,-0.073559,0.014632
-0.725,-0.069291,0.028701
-0.725,-0.062360,0.041668
-0.725,-0.053033,0.053033
-0.725,-0.041668,0.062360
-0.725,-0.028701,0.069291
-0.725,-0.014632,0.073559
-0.725,0.000000,0.075000
-0.725,0.014632,0.073559
-0.725,0.028701,0.069291
-0.725,0.041668,0.062360
-0.725,0.053033,0.053033
-0.725,0.062360,0.041668
-0.725,0.069291,0.028701
-0.725,0.073559,0.014632
-0.725,0.075000,0.000000
-0.300,-0.075000,0.000000
-0.300,-0.073559,0.014632
-0.300,-0.069291,0.028701
-0.300,-0.062360,0.041668
-0.300,-0.053033,0.053033
-0.300,-0.041668,0.062360
-0.300,-0.028701,0.069291
-0.300,-0.014632,0.073559
-0.300,0.000000,0.075000
-0.300,0.014632,0.073559
-0.300,0.028701,0.069291
-0.300,0.041668,0.062360
-0.300,0.053033,0.053033
-0.300,0.062360,0.041668
-0.300,0.069291,0.028701
-0.300,0.073559,0.014632
-0.300,0.075000,0.000000
0.000,-0.075000,0.000000
0.000,-0.073559,0.014632
0.000,-0.069291,0.028701
0.000,-0.062360,0.041668
0.000,-0.053033,0.053033
0.000,-0.041668,0.062360
0.000,-0.028701,0.069291
0.000,-0.014632,0.073559
0.000,0.000000,0.075000
0.000,0.014632,0.073559
0.000,0.028701,0.069291
0.000,0.041668,0.062360
0.000,0.053033,0.053033
0.000,0.062360,0.041668
0.000,0.069291,0.028701
0.000,0.073559,0.014632
0.000,0.075000,0.000000
0.300,-0.075000,0.000000
0.300,-0.073559,0.014632
0.300,-0.069291,0.028701
0.300,-0.062360,0.041668
0.300,-0.053033,0.053033
0.300,-0.041668,0.062360
0.300,-0.028701,0.069291
0.300,-0.014632,0.073559
0.300,0.000000,0.075000
0.300,0.014632,0.073559
0.300,0.028701,0.069291
0.300,0.041668,0.062360
0.300,0.053033,0.053033
0.300,0.062360,0.041668
0.300,0.069291,0.028701
0.300,0.073559,0.014632
0.300,0.075000,0.000000
0.725,-0.075000,0.000000
0.725,-0.073559,0.014632
0.725,-0.069291,0.028701
0.725,-0.062360,0.041668
0.725,-0.053033,0.053033
0.725,-0.041668,0.062360
0.725,-0.028701,0.069291
0.725,-0.014632,0.073559
0.725,0.000000,0.075000
0.725,0.014632,0.073559
0.725,0.028701,0.069291
0.725,0.041668,0.062360
0.725,0.053033,0.053033
0.725,0.062360,0.041668
0.725,0.069291,0.028701
0.725,0.073559,0.014632
0.725,0.075000,0.000000
0.800,-0.073258,0.000000
0.800,-0.071850,0.014292
0.800,-0.067681,0.028035
0.800,-0.060912,0.040700
0.800,-0.051801,0.051801
0.800,-0.040700,0.060912
0.800,-0.028035,0.067681
0.800,-0.014292,0.071850
0.800,0.000000,0.073258
0.800,0.014292,0.071850
0.800,0.028035,0.067681
0.800,0.040700,0.060912
0.800,0.051801,0.051801
0.800,0.060912,0.040700
0.800,0.067681,0.028035
0.800,0.071850,0.014292
0.800,0.073258,0.000000
0.900,-0.064952,0.000000
0.900,-0.063704,0.012671
0.900,-0.060008,0.024856
0.900,-0.054006,0.036085
0.900,-0.045928,0.045928
0.900,-0.036085,0.054006
0.900,-0.024856,0.060008
0.900,-0.012671,0.063704
0.900,0.000000,0.064952
0.900,0.012671,0.063704
0.900,0.024856,0.060008
0.900,0.036085,0.054006
0.900,0.045928,0.045928
0.900,0.054006,0.036085
0.900,0.060008,0.024856
0.900,0.063704,0.012671
0.900,0.064952,0.000000
1.000,-0.046394,0.000000
1.000,-0.045503,0.009051
1.000,-0.042863,0.017754
1.000,-0.038575,0.025775
1.000,-0.032806,0.032806
1.000,-0.025775,0.038575
1.000,-0.017754,0.042863
1.000,-0.009051,0.045503
1.000,0.000000,0.046394
1.000,0.009051,0.045503
1.000,0.017754,0.042863
1.000,0.025775,0.038575
1.000,0.032806,0.032806
1.000,0.038575,0.025775
1.000,0.042863,0.017754
1.000,0.045503,0.009051
1.000,0.046394,0.000000
1.050,-0.027837,0.000000
1.050,-0.027302,0.005431
1.050,-0.025718,0.010653
1.050,-0.023145,0.015465
1.050,-0.019683,0.019683
1.050,-0.015465,0.023145
1.050,-0.010653,0.025718
1.050,-0.005431,0.027302
1.050,0.000000,0.027837
1.050,0.005431,0.027302
1.050,0.010653,0.025718
1.050,0.015465,0.023145
1.050,0.019683,0.019683
1.050,0.023145,0.015465
1.050,0.025718,0.010653
1.050,0.027302,0.005431
1.050,0.027837,0.000000
1.075,-0.001000,0.000000
1.075,-0.000981,0.000195
1.075,-0.000924,0.000383
1.075,-0.000831,0.000556
1.075,-0.000707,0.000707
1.075,-0.000556,0.000831
1.075,-0.000383,0.000924
1.075,-0.000195,0.000981
1.075,0.000000,0.001000
1.075,0.000195,0.000981
1.075,0.000383,0.000924
1.075,0.000556,0.000831
1.075,0.000707,0.000707
1.075,0.000831,0.000556
1.075,0.000924,0.000383
1.075,0.000981,0.000195
1.075,0.001000,0.000000
